year,m1,broad_money,gdp,debt_gdp,m1_gdp,broad_money_gdp,country,m1_series,broad_series,gdp_series,debt_source,debt_to_m1,debt_to_broad_money
1995,1143008333333.3333,3555583333333.3335,7639749250000.0,,14.961333100472286,46.54057635901248,United States,MANMM101USM189S,MABMM301USM189S,USAGDPNADSMEI,GGGDTAUSA188N,,
1996,1106816666666.6667,3728950000000.0,8073121750000.0,,13.709896876839084,46.1896911191758,United States,MANMM101USM189S,MABMM301USM189S,USAGDPNADSMEI,GGGDTAUSA188N,,
1997,1070233333333.3334,3925725000000.0,8577552500000.0,,12.477141158078991,45.76742608104118,United States,MANMM101USM189S,MABMM301USM189S,USAGDPNADSMEI,GGGDTAUSA188N,,
1998,1080616666666.6666,4206458333333.3335,9062816750000.0,,11.923629225612077,46.41446968828244,United States,MANMM101USM189S,MABMM301USM189S,USAGDPNADSMEI,GGGDTAUSA188N,,
1999,1102300000000.0,4517258333333.333,9631171750000.0,,11.445128678138255,46.90247926825034,United States,MANMM101USM189S,MABMM301USM189S,USAGDPNADSMEI,GGGDTAUSA188N,,
2000,1103700000000.0,4790183333333.333,10250952000000.0,,10.766804878220091,46.72915582214543,United States,MANMM101USM189S,MABMM301USM189S,USAGDPNADSMEI,GGGDTAUSA188N,,
2001,1140241666666.6667,5203741666666.667,10581929000000.0,53.331,10.77536682269052,49.175737870351114,United States,MANMM101USM189S,MABMM301USM189S,USAGDPNADSMEI,GGGDTAUSA188N,4.949344266192108,1.084498216185469
2002,1196683333333.3333,5591316666666.667,10929108250000.0,55.723,10.949505723244467,51.15986170844878,United States,MANMM101USM189S,MABMM301USM189S,USAGDPNADSMEI,GGGDTAUSA188N,5.089088166026239,1.089193718262097
2003,1274066666666.6667,5981425000000.0,11456449500000.0,58.803,11.120955638713955,52.2101109946847,United States,MANMM101USM189S,MABMM301USM189S,USAGDPNADSMEI,GGGDTAUSA188N,5.287585159974622,1.126276096329052
2004,1344583333333.3333,6266775000000.0,12217195750000.0,66.277,11.005662517385247,51.29470893514987,United States,MANMM101USM189S,MABMM301USM189S,USAGDPNADSMEI,GGGDTAUSA188N,6.02208180518934,1.2920825827044213
2005,1372158333333.3333,6535133333333.333,13039197000000.0,65.608,10.523334629681056,50.119139494045015,United States,MANMM101USM189S,MABMM301USM189S,USAGDPNADSMEI,GGGDTAUSA188N,6.23452568114224,1.3090408307547923
2006,1375166666666.6667,6877383333333.333,13815583000000.0,64.343,9.953736057802749,49.779899504301284,United States,MANMM101USM189S,MABMM301USM189S,USAGDPNADSMEI,GGGDTAUSA188N,6.464205965112108,1.2925498171092205
2007,1373058333333.3333,7298100000000.0,14474227000000.0,64.739,9.486229097645998,50.42134547150601,United States,MANMM101USM189S,MABMM301USM189S,USAGDPNADSMEI,GGGDTAUSA188N,6.8245241954007785,1.2839601838190764
2008,1434733333333.3333,7790825000000.0,14769861750000.0,73.59,9.713925273087495,52.74812406419444,United States,MANMM101USM189S,MABMM301USM189S,USAGDPNADSMEI,GGGDTAUSA188N,7.575722267895314,1.395120704395876
2009,1638141666666.6667,8416033333333.333,14478067250000.0,86.787,11.314643304109994,58.12953613220254,United States,MANMM101USM189S,MABMM301USM189S,USAGDPNADSMEI,GGGDTAUSA188N,7.670325759935801,1.492993162763634
2010,1742625000000.0,8626108333333.333,15048971000000.0,95.347,11.579695382494922,57.320253546460634,United States,MANMM101USM189S,MABMM301USM189S,USAGDPNADSMEI,GGGDTAUSA188N,8.233981711136934,1.6634085528375582
2011,2010208333333.3333,9256016666666.666,15599731500000.0,99.681,12.886172645556965,59.33446140830479,United States,MANMM101USM189S,MABMM301USM189S,USAGDPNADSMEI,GGGDTAUSA188N,7.735500892452276,1.6799849132202298
2012,2315266666666.6665,10050033333333.334,16253970000000.0,103.244,14.244314876098988,61.83125312359586,United States,MANMM101USM189S,MABMM301USM189S,USAGDPNADSMEI,GGGDTAUSA188N,7.248084649773964,1.6697704604760846
2013,2549550000000.0,10727250000000.0,16880683249999.998,104.522,15.103357857271567,63.54748703669919,United States,MANMM101USM189S,MABMM301USM189S,USAGDPNADSMEI,GGGDTAUSA188N,6.920447822778529,1.6447857322766786
2014,2814733333333.3335,11388800000000.0,17608138250000.0,104.429,15.985411367004309,64.67918321802136,United States,MANMM101USM189S,MABMM301USM189S,USAGDPNADSMEI,GGGDTAUSA188N,6.532769010596326,1.6145689355412773
2015,3021475000000.0,12045100000000.0,18295019000000.0,104.854,16.515287576361633,65.83813878520705,United States,MANMM101USM189S,MABMM301USM189S,USAGDPNADSMEI,GGGDTAUSA188N,6.348905492271158,1.5926027365700577
2016,3248416666666.6665,12860058333333.334,18804913250000.0,106.78,17.274297538525822,68.38669321345226,United States,MANMM101USM189S,MABMM301USM189S,USAGDPNADSMEI,GGGDTAUSA188N,6.18143804469357,1.5614148744802219
2017,3524300000000.0,13590791666666.666,19612102500000.0,105.728,17.9700264160867,69.29798407216495,United States,MANMM101USM189S,MABMM301USM189S,USAGDPNADSMEI,GGGDTAUSA188N,5.883575101779076,1.5257009480953712
2018,3680808333333.3335,14103933333333.334,20656515500000.0,107.041,17.819115394042782,68.27837605685885,United States,MANMM101USM189S,MABMM301USM189S,USAGDPNADSMEI,GGGDTAUSA188N,6.007088322453175,1.5677144973521566
2019,3846116666666.6665,14818225000000.0,21521395000000.0,108.197,17.87113087542265,68.85345954572183,United States,MANMM101USM189S,MABMM301USM189S,USAGDPNADSMEI,GGGDTAUSA188N,6.054289499317494,1.571409784110445
2020,12784775000000.0,17650650000000.0,21322949500000.0,132.032,59.95781681141251,82.77771328023827,United States,MANMM101USM189S,MABMM301USM189S,USAGDPNADSMEI,GGGDTAUSA188N,2.202081513662931,1.5950186924470204
2021,19380675000000.0,20525633333333.332,23594030750000.0,124.716,82.14228083940257,86.99502662695026,United States,MANMM101USM189S,MABMM301USM189S,USAGDPNADSMEI,GGGDTAUSA188N,1.5182923912696538,1.433599193374626
2022,20402975000000.0,21576566666666.668,25744108250000.0,118.806,79.25298791423471,83.81166850736291,United States,MANMM101USM189S,MABMM301USM189S,USAGDPNADSMEI,GGGDTAUSA188N,1.4990728189146436,1.4175353159752786
1995,237217916666.66666,576907666666.6666,851845000000.0,43.653,27.847544643293865,67.72448821870958,United Kingdom,MANMM101GBM189S,MABMM301GBM189S,GBRGDPNADSMEI,GGGDTAGBA188N,1.5675708777618331,0.6445674400525099
1996,264567250000.0,667153250000.0,909993000000.0,43.714,29.0735478184997,73.3141079107202,United Kingdom,MANMM101GBM189S,MABMM301GBM189S,GBRGDPNADSMEI,GGGDTAGBA188N,1.5035660688161516,0.5962563174503009
1997,310875166666.6667,744294750000.0,953405000000.0,44.132,32.606832003887824,78.06700720050766,United Kingdom,MANMM101GBM189S,MABMM301GBM189S,GBRGDPNADSMEI,GGGDTAGBA188N,1.3534586860427897,0.5653092334723575
1998,351425250000.0,809787250000.0,998501000000.0,41.97,35.19528272881049,81.10029434121749,United Kingdom,MANMM101GBM189S,MABMM301GBM189S,GBRGDPNADSMEI,GGGDTAGBA188N,1.192489354990855,0.5175073696208479
1999,380915666666.6667,837833916666.6666,1043248000000.0,40.41,36.512475141736836,80.310138784514,United Kingdom,MANMM101GBM189S,MABMM301GBM189S,GBRGDPNADSMEI,GGGDTAGBA188N,1.1067450191512205,0.5031743265744693
2000,431941833333.3333,905444750000.0,1100752000000.0,37.686,39.240613083903845,82.25692526563658,United Kingdom,MANMM101GBM189S,MABMM301GBM189S,GBRGDPNADSMEI,GGGDTAGBA188N,0.9603825485453097,0.4581498746555215
2001,486930000000.0,998268000000.0,1146135000000.0,34.958,42.48452407438914,87.0986402125404,United Kingdom,MANMM101GBM189S,MABMM301GBM189S,GBRGDPNADSMEI,GGGDTAGBA188N,0.8228408052492144,0.4013610306050079
2002,520559666666.6667,1049345583333.3334,1191439000000.0,35.434,43.691675920182796,88.0737984347779,United Kingdom,MANMM101GBM189S,MABMM301GBM189S,GBRGDPNADSMEI,GGGDTAGBA188N,0.8110011633504708,0.40232169646050026
2003,568242333333.3334,1112613666666.6667,1258334000000.0,36.764,45.15830720089685,88.41958229426103,United Kingdom,MANMM101GBM189S,MABMM301GBM189S,GBRGDPNADSMEI,GGGDTAGBA188N,0.8141137761530145,0.41579024743239723
2004,637356833333.3334,1227525583333.3333,1322637000000.0,39.802,48.18834142197242,92.80895539239665,United Kingdom,MANMM101GBM189S,MABMM301GBM189S,GBRGDPNADSMEI,GGGDTAGBA188N,0.8259674192034238,0.4288594762403798
2005,714473666666.6666,1353401083333.3333,1398749000000.0,41.0,51.07947649411485,96.7579661063803,United Kingdom,MANMM101GBM189S,MABMM301GBM189S,GBRGDPNADSMEI,GGGDTAGBA188N,0.8026707165787778,0.4237377205192868
2006,791315166666.6666,1525452083333.3333,1472038000000.0,42.058,53.75643608837996,103.62858046689917,United Kingdom,MANMM101GBM189S,MABMM301GBM189S,GBRGDPNADSMEI,GGGDTAGBA188N,0.7823807354128393,0.4058532869070235
2007,878744416666.6666,1730934916666.6667,1544637000000.0,43.174,56.8900276677735,112.06095132168055,United Kingdom,MANMM101GBM189S,MABMM301GBM189S,GBRGDPNADSMEI,GGGDTAGBA188N,0.7589027773396,0.38527247440605195
2008,1005331250000.0,1983578083333.3333,1593600000000.0,50.827,63.0855453062249,124.47151627342703,United Kingdom,MANMM101GBM189S,MABMM301GBM189S,GBRGDPNADSMEI,GGGDTAGBA188N,0.8056837703990599,0.4083424185847318
2009,1030949666666.6666,2179628083333.3333,1548802000000.0,64.915,66.56432950542849,140.72993728916498,United Kingdom,MANMM101GBM189S,MABMM301GBM189S,GBRGDPNADSMEI,GGGDTAGBA188N,0.9752220217993186,0.46127356588396573
2010,1094801916666.6666,2373030000000.0,1608553000000.0,75.86,68.06128966012724,147.52575762191236,United Kingdom,MANMM101GBM189S,MABMM301GBM189S,GBRGDPNADSMEI,GGGDTAGBA188N,1.1145836404043563,0.5142152883865775
2011,1085645916666.6666,2327836250000.0,1662590000000.0,81.425,65.29847507002127,140.01264593194955,United Kingdom,MANMM101GBM189S,MABMM301GBM189S,GBRGDPNADSMEI,GGGDTAGBA188N,1.2469663328689657,0.5815546121424993
2012,1109651500000.0,2293515166666.6665,1713715000000.0,84.483,64.75122759618723,133.83293993847673,United Kingdom,MANMM101GBM189S,MABMM301GBM189S,GBRGDPNADSMEI,GGGDTAGBA188N,1.304732020323498,0.6312571481941367
2013,1220747083333.3333,2388589000000.0,1781361000000.0,85.316,68.52889915819047,134.08786877000227,United Kingdom,MANMM101GBM189S,MABMM301GBM189S,GBRGDPNADSMEI,GGGDTAGBA188N,1.2449638188854981,0.6362693417578327
2014,1327564833333.3333,2374809333333.3335,1862514000000.0,87.094,71.27811298778605,127.50558295579702,United Kingdom,MANMM101GBM189S,MABMM301GBM189S,GBRGDPNADSMEI,GGGDTAGBA188N,1.221889810900635,0.6830602863107045
2015,1419598750000.0,2371322416666.6665,1916451000000.0,87.867,74.07435671457293,123.73509245301166,United Kingdom,MANMM101GBM189S,MABMM301GBM189S,GBRGDPNADSMEI,GGGDTAGBA188N,1.1861999738799431,0.7101219084906527
2016,1565760250000.0,2533574083333.3335,1991645000000.0,87.825,78.61643264738444,127.21012446160503,United Kingdom,MANMM101GBM189S,MABMM301GBM189S,GBRGDPNADSMEI,GGGDTAGBA188N,1.1171328568661774,0.6903931614854101
2017,1667753750000.0,2745245166666.6665,2082482000000.0,86.723,80.08490589594533,131.825637228397,United Kingdom,MANMM101GBM189S,MABMM301GBM189S,GBRGDPNADSMEI,GGGDTAGBA188N,1.0828882050842337,0.6578614131767588
2018,1739085750000.0,2840131250000.0,2152304000000.0,86.345,80.8011205666114,131.95771833346961,United Kingdom,MANMM101GBM189S,MABMM301GBM189S,GBRGDPNADSMEI,GGGDTAGBA188N,1.0686114176946135,0.6543383827067851
2019,1779029166666.6667,2874431833333.3335,2233921000000.0,85.657,79.63706714188491,128.6720449529475,United Kingdom,MANMM101GBM189S,MABMM301GBM189S,GBRGDPNADSMEI,GGGDTAGBA188N,1.075592096421503,0.6657001529067395
2020,2028636500000.0,3135349000000.0,2104288000000.0,105.84,96.40488849435059,148.9980934168707,United Kingdom,MANMM101GBM189S,MABMM301GBM189S,GBRGDPNADSMEI,GGGDTAGBA188N,1.0978696376605666,0.7103446599405681
2021,2282243500000.0,3380464333333.3335,2284079000000.0,105.131,99.91963938200035,148.0012001919957,United Kingdom,MANMM101GBM189S,MABMM301GBM189S,GBRGDPNADSMEI,GGGDTAGBA188N,1.0521555186771263,0.7103388341690338
2022,2435993250000.0,3577260833333.3335,2505981000000.0,99.614,97.20717156275327,142.74892081517513,United Kingdom,MANMM101GBM189S,MABMM301GBM189S,GBRGDPNADSMEI,GGGDTAGBA188N,1.0247597826225503,0.6978266415686303
1995,154244416666.66666,518136333333.3333,831621000000.0,100.084,18.547441282346966,62.3043830462835,Canada,MANMM101CAM189S,MABMM301CAM189S,CANGDPNADSMEI,GGGDTACAA188N,5.396108200394072,1.6063717367308092
1996,166880833333.33334,546726583333.3333,859834000000.0,100.244,19.408494352785926,63.585131936319485,Canada,MANMM101CAM189S,MABMM301CAM189S,CANGDPNADSMEI,GGGDTACAA188N,5.164955002581682,1.576532075146032
1997,185492333333.33334,572543166666.6666,906926000000.0,95.272,20.452863114888466,63.13008632089792,Canada,MANMM101CAM189S,MABMM301CAM189S,CANGDPNADSMEI,GGGDTACAA188N,4.658125342395103,1.5091378065875092
1998,197797166666.66666,593238750000.0,940548000000.0,93.29,21.02999173531459,63.07373467382845,Canada,MANMM101CAM189S,MABMM301CAM189S,CANGDPNADSMEI,GGGDTACAA188N,4.436045490371871,1.4790625683167191
1999,208844416666.66666,614985166666.6666,1007927000000.0,88.966,20.720192699140576,61.01485193537495,Canada,MANMM101CAM189S,MABMM301CAM189S,CANGDPNADSMEI,GGGDTACAA188N,4.293685936795853,1.4581040054678824
2000,230566333333.33334,661811666666.6666,1106071000000.0,80.437,20.84552739682474,59.83446511721821,Canada,MANMM101CAM189S,MABMM301CAM189S,CANGDPNADSMEI,GGGDTACAA188N,3.858717434621128,1.3443255461951664
2001,253484750000.0,698373916666.6666,1144543000000.0,81.462,22.147245669232174,61.01770896040312,Canada,MANMM101CAM189S,MABMM301CAM189S,CANGDPNADSMEI,GGGDTACAA188N,3.678200044223568,1.3350550420184413
2002,278432083333.3333,739882916666.6666,1193694000000.0,79.604,23.325247788238304,61.98262843464628,Canada,MANMM101CAM189S,MABMM301CAM189S,CANGDPNADSMEI,GGGDTACAA188N,3.4127826089007343,1.284295326132119
2003,289141916666.6667,784010416666.6666,1254747000000.0,75.912,23.043842038806762,62.48354581972833,Canada,MANMM101CAM189S,MABMM301CAM189S,CANGDPNADSMEI,GGGDTACAA188N,3.29424233477044,1.2149118460564674
2004,312801666666.6667,854895416666.6666,1335731000000.0,71.889,23.418013557120908,64.00206453744553,Canada,MANMM101CAM189S,MABMM301CAM189S,CANGDPNADSMEI,GGGDTACAA188N,3.0698163114753223,1.1232293914197107
2005,332787083333.3333,938871416666.6666,1421590000000.0,70.64,23.409498050305174,66.04375499733865,Canada,MANMM101CAM189S,MABMM301CAM189S,CANGDPNADSMEI,GGGDTACAA188N,3.0175785849060146,1.069593938183051
2006,360578166666.6667,1008977583333.3334,1496604000000.0,69.92,24.093091202927877,67.41780613531257,Canada,MANMM101CAM189S,MABMM301CAM189S,CANGDPNADSMEI,GGGDTACAA188N,2.9020767576517157,1.0371147328595258
2007,392864666666.6667,1119422083333.3333,1577661000000.0,67.181,24.901716317172493,70.95453860704761,Canada,MANMM101CAM189S,MABMM301CAM189S,CANGDPNADSMEI,GGGDTACAA188N,2.6978461702927383,0.9468175161007558
2008,426525250000.0,1251626916666.6667,1657041000000.0,70.355,25.7401748055721,75.53385321586289,Canada,MANMM101CAM189S,MABMM301CAM189S,CANGDPNADSMEI,GGGDTACAA188N,2.733275921062118,0.9314366605783687
2009,478836166666.6667,1291977750000.0,1571334000000.0,81.804,30.473226358410543,82.22171416134316,Canada,MANMM101CAM189S,MABMM301CAM189S,CANGDPNADSMEI,GGGDTACAA188N,2.6844548403855595,0.9949196612402962
2010,532091333333.3333,1362251500000.0,1666048000000.0,83.976,31.937335138803522,81.76544133182237,Canada,MANMM101CAM189S,MABMM301CAM189S,CANGDPNADSMEI,GGGDTACAA188N,2.629399091534411,1.0270353664356398
2011,573103166666.6666,1462393000000.0,1774063000000.0,84.286,32.30455551277867,82.43185275832933,Canada,MANMM101CAM189S,MABMM301CAM189S,CANGDPNADSMEI,GGGDTACAA188N,2.6091057023415507,1.0224930919253579
2012,628251000000.0,1560629083333.3333,1827201000000.0,87.151,34.383245193057576,85.41091447155146,Canada,MANMM101CAM189S,MABMM301CAM189S,CANGDPNADSMEI,GGGDTACAA188N,2.534693846106095,1.0203731049973492
2013,679301500000.0,1662828500000.0,1902247000000.0,87.605,35.7104781871124,87.41391102207021,Canada,MANMM101CAM189S,MABMM301CAM189S,CANGDPNADSMEI,GGGDTACAA188N,2.4532015376824576,1.002186024806527
2014,730523750000.0,1800299833333.3333,1994898000000.0,85.541,36.61960411008483,90.24520719020887,Canada,MANMM101CAM189S,MABMM301CAM189S,CANGDPNADSMEI,GGGDTACAA188N,2.335934592379782,0.9478730523572972
2015,787413916666.6666,1934421416666.6667,1990441000000.0,92.029,39.55977176247206,97.18556926161925,Canada,MANMM101CAM189S,MABMM301CAM189S,CANGDPNADSMEI,GGGDTACAA188N,2.3263278805693792,0.9469409985371594
2016,856104583333.3334,2101398250000.0,2025535000000.0,92.397,42.26560307935106,103.74534382274312,Canada,MANMM101CAM189S,MABMM301CAM189S,CANGDPNADSMEI,GGGDTACAA188N,2.186103906444452,0.8906134636544978
2017,937279583333.3334,2232243583333.3335,2140641000000.0,90.942,43.784996332095545,104.27921278408353,Canada,MANMM101CAM189S,MABMM301CAM189S,CANGDPNADSMEI,GGGDTACAA188N,2.0770128495668536,0.872100944876722
2018,982649333333.3334,2342782916666.6665,2235675000000.0,90.776,43.953138686675544,104.79085361989854,Canada,MANMM101CAM189S,MABMM301CAM189S,CANGDPNADSMEI,GGGDTACAA188N,2.065290505124242,0.8662588085145888
2019,1037623000000.0,2523778583333.3335,2313563000000.0,90.21,44.84956752852634,109.08622688612039,Canada,MANMM101CAM189S,MABMM301CAM189S,CANGDPNADSMEI,GGGDTACAA188N,2.0113906325322395,0.8269604933185005
2020,1270550583333.3333,2849133250000.0,2220527000000.0,118.066,57.21842532575975,128.30887667657274,Canada,MANMM101CAM189S,MABMM301CAM189S,CANGDPNADSMEI,GGGDTACAA188N,2.063426236003853,0.9201701632663196
2021,1533467250000.0,3049731500000.0,2517123000000.0,112.617,60.9214269624488,121.15941493522566,Canada,MANMM101CAM189S,MABMM301CAM189S,CANGDPNADSMEI,GGGDTACAA188N,1.8485614276470528,0.9294944190693509
2022,1599957000000.0,3308654666666.6665,2813289000000.0,104.207,56.87140567499464,117.60806183320186,Canada,MANMM101CAM189S,MABMM301CAM189S,CANGDPNADSMEI,GGGDTACAA188N,1.832326786426135,0.8860532039699117
1995,179475682407083.66,824716666666666.6,521613600000000.0,92.526,34.40778430759544,158.10873540618314,Japan,MANMM101JPM189S,MABMM301JPM189S,JPNGDPNADSMEI,GGGDTAJPA188N,2.6891007910548628,0.5852048576715236
1996,204092412385529.66,851458333333333.4,535562000000000.0,98.054,38.10808316974125,158.98408276414932,Japan,MANMM101JPM189S,MABMM301JPM189S,JPNGDPNADSMEI,GGGDTAJPA188N,2.573049910782636,0.6167535661130413
1997,221886430305457.34,877908333333333.4,543545300000000.06,104.971,40.822067692510146,161.51521010913595,Japan,MANMM101JPM189S,MABMM301JPM189S,JPNGDPNADSMEI,GGGDTAJPA188N,2.571427806907969,0.649914023137951
1998,240855013708597.66,916000000000000.0,536497400000000.0,116.02,44.89397594631356,170.73708092527568,Japan,MANMM101JPM189S,MABMM301JPM189S,JPNGDPNADSMEI,GGGDTAJPA188N,2.5843110919545746,0.6795243269432315
1999,266201438044158.66,949608333333333.4,528069900000000.0,129.501,50.41026539178973,179.82625658711726,Japan,MANMM101JPM189S,MABMM301JPM189S,JPNGDPNADSMEI,GGGDTAJPA188N,2.5689410478900534,0.720145113721271
2000,287978996714942.7,968025000000000.0,535417800000000.06,135.609,53.78584662574585,180.79806087881275,Japan,MANMM101JPM189S,MABMM301JPM189S,JPNGDPNADSMEI,GGGDTAJPA188N,2.521276664911464,0.7500578233020843
2001,312504848413047.44,983616666666666.6,531653900000000.0,145.124,58.779752845422074,185.01071216945206,Japan,MANMM101JPM189S,MABMM301JPM189S,JPNGDPNADSMEI,GGGDTAJPA188N,2.4689453931806153,0.78440863395564
2002,398448057227801.0,1002441666666666.6,524478700000000.0,154.096,75.9703029365732,191.13105387629022,Japan,MANMM101JPM189S,MABMM301JPM189S,JPNGDPNADSMEI,GGGDTAJPA188N,2.0283715352386196,0.8062321473921177
2003,430543829786152.44,1012208333333333.4,523968700000000.0,160.021,82.16976124454617,193.18106851293473,Japan,MANMM101JPM189S,MABMM301JPM189S,JPNGDPNADSMEI,GGGDTAJPA188N,1.9474438963472225,0.8283472145164449
2004,448447441666666.7,1023433333333333.4,529400900000000.0,169.49,84.70847738767854,193.31915252379312,Japan,MANMM101JPM189S,MABMM301JPM189S,JPNGDPNADSMEI,GGGDTAJPA188N,2.0008623130399172,0.8767367215679248
2005,469326808333333.3,1028516666666666.6,532515600000000.0,174.595,88.13390787675202,193.1430115224167,Japan,MANMM101JPM189S,MABMM301JPM189S,JPNGDPNADSMEI,GGGDTAJPA188N,1.9810196121583157,0.9039674727228535
2006,483207591666666.7,1025216666666666.6,535170200000000.0,174.143,90.29045183507354,191.56833969205806,Japan,MANMM101JPM189S,MABMM301JPM189S,JPNGDPNADSMEI,GGGDTAJPA188N,1.928697846346957,0.9090385200390163
2007,482837333333333.3,1026991666666666.6,539281700000000.0,172.951,89.53341701254341,190.4369583960788,Japan,MANMM101JPM189S,MABMM301JPM189S,JPNGDPNADSMEI,GGGDTAJPA188N,1.9316921633379633,0.9081798063603244
2008,480386675000000.0,1034691666666666.6,527823800000000.06,180.851,91.01269685072934,196.02974831121037,Japan,MANMM101JPM189S,MABMM301JPM189S,JPNGDPNADSMEI,GGGDTAJPA188N,1.987096375098248,0.9225691588038307
2009,482866958333333.3,1053275783333333.4,494938400000000.0,198.807,97.56102139848782,212.80946948818954,Japan,MANMM101JPM189S,MABMM301JPM189S,JPNGDPNADSMEI,GGGDTAJPA188N,2.037770793603863,0.9342018495611791
2010,492396041666666.7,1075167133333333.4,505530600000000.0,205.879,97.40182724184584,212.68092046917306,Japan,MANMM101JPM189S,MABMM301JPM189S,JPNGDPNADSMEI,GGGDTAJPA188N,2.1137077797196615,0.9680181915041177
2011,515772008333333.3,1098829575000000.0,497449000000000.0,219.162,103.68339434461286,220.89291063003444,Japan,MANMM101JPM189S,MABMM301JPM189S,JPNGDPNADSMEI,GGGDTAJPA188N,2.1137618167820635,0.9921640281478591
2012,534532750000000.0,1122538708333333.4,500474600000000.0,226.093,106.8051705321309,224.29484100358607,Japan,MANMM101JPM189S,MABMM301JPM189S,JPNGDPNADSMEI,GGGDTAJPA188N,2.1168731707795265,1.008016943182323
2013,560226566666666.7,1155261358333333.2,508700600000000.0,229.451,110.1289376632673,227.10045129361617,Japan,MANMM101JPM189S,MABMM301JPM189S,JPNGDPNADSMEI,GGGDTAJPA188N,2.083476013376017,1.0103502599532257
2014,586532283333333.4,1187164516666666.8,518811100000000.0,233.281,113.05314850305504,228.82403955248196,Japan,MANMM101JPM189S,MABMM301JPM189S,JPNGDPNADSMEI,GGGDTAJPA188N,2.0634630975686274,1.0194776757557233
2015,616458491666666.6,1222491525000000.0,538032400000000.0,228.278,114.57646261947545,227.21522439912542,Japan,MANMM101JPM189S,MABMM301JPM189S,JPNGDPNADSMEI,GGGDTAJPA188N,1.9923638309391987,1.0046773960841977
2016,659761333333333.4,1257275958333333.2,544364600000000.0,232.421,121.19842718158627,230.96210854514297,Japan,MANMM101JPM189S,MABMM301JPM189S,JPNGDPNADSMEI,GGGDTAJPA188N,1.9176899024586667,1.0063165835471748
2017,711833766666666.6,1299565141666666.8,553073000000000.0,231.321,128.70521010186118,234.97172012856652,Japan,MANMM101JPM189S,MABMM301JPM189S,JPNGDPNADSMEI,GGGDTAJPA188N,1.7972932083862463,0.9844631510269874
2018,755557941666666.6,1332461550000000.0,556630100000000.0,232.38,135.737887991804,239.38007484683274,Japan,MANMM101JPM189S,MABMM301JPM189S,JPNGDPNADSMEI,GGGDTAJPA188N,1.711975951873005,0.97075748743369
2019,795644483333333.4,1359430233333333.2,557910900000000.0,236.381,142.61138890337747,243.66439754687232,Japan,MANMM101JPM189S,MABMM301JPM189S,JPNGDPNADSMEI,GGGDTAJPA188N,1.6575183918877168,0.970108897236531
2020,882297458333333.4,1432396966666666.8,539808200000000.0,258.369,163.44647197529298,265.3529469664719,Japan,MANMM101JPM189S,MABMM301JPM189S,JPNGDPNADSMEI,GGGDTAJPA188N,1.5807560535112426,0.9736805373887394
2021,969024000000000.0,1511645716666666.8,552571400000000.0,253.652,175.3662965546172,273.5656815873328,Japan,MANMM101JPM189S,MABMM301JPM189S,JPNGDPNADSMEI,GGGDTAJPA188N,1.446412480524734,0.9272069454334111
2022,1023405383333333.4,1555790925000000.0,559710100000000.0,248.309,182.84561656710025,277.9637038888525,Japan,MANMM101JPM189S,MABMM301JPM189S,JPNGDPNADSMEI,GGGDTAJPA188N,1.3580254460673722,0.8933144742498096
1995,77200000000.0,291341666666.6667,512080000000.00006,31.143,15.075769411029524,56.893779617768054,Australia,MANMM101AUM189S,MABMM301AUM189S,AUSGDPNADSMEI,GGGDTAAUA188N,2.0657652124352337,0.5473884879723121
1996,86800000000.0,318191666666.6667,543197000000.0,29.345,15.979469695156638,58.57758173676708,Australia,MANMM101AUM189S,MABMM301AUM189S,AUSGDPNADSMEI,GGGDTAAUA188N,1.8364188899769585,0.5009595672943457
1997,99125000000.0,344675000000.0,573427000000.0,25.907,17.28642006741922,60.10791260265038,Australia,MANMM101AUM189S,MABMM301AUM189S,AUSGDPNADSMEI,GGGDTAAUA188N,1.4986908740479192,0.43100814648582
1998,108858333333.33333,368458333333.3333,605256000000.0,23.698,17.98550255318961,60.876444567808214,Australia,MANMM101AUM189S,MABMM301AUM189S,AUSGDPNADSMEI,GGGDTAAUA188N,1.3176167821786728,0.3892802900735045
1999,117625000000.0,403116666666.6667,638239000000.0,22.544,18.429616491627744,63.160769972794945,Australia,MANMM101AUM189S,MABMM301AUM189S,AUSGDPNADSMEI,GGGDTAAUA188N,1.2232484604463338,0.3569304175631537
2000,128825000000.0,431716666666.6667,687693000000.0,19.495,18.73292297580461,62.77752815088517,Australia,MANMM101AUM189S,MABMM301AUM189S,AUSGDPNADSMEI,GGGDTAAUA188N,1.0406811593246654,0.3105410578311392
2001,148883333333.33334,469883333333.3333,730883000000.0,17.106,20.370337432028567,64.2898156522088,Australia,MANMM101AUM189S,MABMM301AUM189S,AUSGDPNADSMEI,GGGDTAAUA188N,0.8397504487630135,0.2660763579186324
2002,195791666666.66666,511141666666.6667,782955000000.0,15.01,25.006758583400917,65.28365827750851,Australia,MANMM101AUM189S,MABMM301AUM189S,AUSGDPNADSMEI,GGGDTAAUA188N,0.6002377297297298,0.22991971338669967
2003,220958333333.33334,564766666666.6666,830775000000.0,13.186,26.596651720782805,67.98070075130651,Australia,MANMM101AUM189S,MABMM301AUM189S,AUSGDPNADSMEI,GGGDTAAUA188N,0.49577669168395244,0.19396681490881187
2004,238933333333.33334,623575000000.0,895202000000.0,11.907,26.690437837866018,69.65746278493569,Australia,MANMM101AUM189S,MABMM301AUM189S,AUSGDPNADSMEI,GGGDTAAUA188N,0.44611482480468745,0.17093645854949285
2005,261508333333.33334,675541666666.6666,964944000000.0,10.858,27.10088184737491,70.00838045178442,Australia,MANMM101AUM189S,MABMM301AUM189S,AUSGDPNADSMEI,GGGDTAAUA188N,0.4006511692552818,0.1550957175402455
2006,289358333333.3333,749650000000.0,1040321000000.0,9.938,27.814331666219687,72.05948933069696,Australia,MANMM101AUM189S,MABMM301AUM189S,AUSGDPNADSMEI,GGGDTAAUA188N,0.3572978175157677,0.1379138277596212
2007,328450000000.0,879808333333.3334,1133964000000.0,9.665,28.964764313505544,77.58697219076915,Australia,MANMM101AUM189S,MABMM301AUM189S,AUSGDPNADSMEI,GGGDTAAUA188N,0.33368129273862074,0.12456988237968494
2008,353833333333.3333,1051758333333.3334,1236694000000.0,11.742,28.611227460740757,85.04596394365409,Australia,MANMM101AUM189S,MABMM301AUM189S,AUSGDPNADSMEI,GGGDTAAUA188N,0.41039833107866236,0.13806651668713502
2009,407575000000.0,1171183333333.3333,1263823000000.0,16.622,32.24937352778039,92.66988599933165,Australia,MANMM101AUM189S,MABMM301AUM189S,AUSGDPNADSMEI,GGGDTAAUA188N,0.5154208650187082,0.17936786930028034
2010,420000000000.0,1240450000000.0,1366328000000.0,20.35,30.739324671674737,90.78713164042601,Australia,MANMM101AUM189S,MABMM301AUM189S,AUSGDPNADSMEI,GGGDTAAUA188N,0.6620184476190477,0.2241507098230481
2011,443541666666.6667,1358933333333.3333,1469073000000.0,24.04,30.19194190259209,92.50277782883038,Australia,MANMM101AUM189S,MABMM301AUM189S,AUSGDPNADSMEI,GGGDTAAUA188N,0.7962389460591826,0.2598840874215071
2012,465725000000.0,1465341666666.6667,1516084000000.0,27.521,30.71894433289976,96.6530658371612,Australia,MANMM101AUM189S,MABMM301AUM189S,AUSGDPNADSMEI,GGGDTAAUA188N,0.8958966721563154,0.2847400624245767
2013,531716666666.6667,1562950000000.0,1569948000000.0,30.466,33.86842536610555,99.55425275232047,Australia,MANMM101AUM189S,MABMM301AUM189S,AUSGDPNADSMEI,GGGDTAAUA188N,0.8995399009748298,0.30602409397613484
2014,599100000000.0,1675941666666.6667,1614275000000.0,34.036,37.11263570333431,103.82008435159231,Australia,MANMM101AUM189S,MABMM301AUM189S,AUSGDPNADSMEI,GGGDTAAUA188N,0.9171000484059423,0.32783637397880794
2015,687441666666.6666,1789033333333.3333,1640093000000.0,37.726,41.9147979210122,109.08121267107006,Australia,MANMM101AUM189S,MABMM301AUM189S,AUSGDPNADSMEI,GGGDTAAUA188N,0.900063983872571,0.3458524073596542
2016,753533333333.3334,1895958333333.3333,1700004000000.0,40.621,44.32538590105279,111.52669836855284,Australia,MANMM101AUM189S,MABMM301AUM189S,AUSGDPNADSMEI,GGGDTAAUA188N,0.9164274416172696,0.3642266882658287
2017,824683333333.3334,2023825000000.0,1803571000000.0,41.195,45.72502736700321,112.21210587218357,Australia,MANMM101AUM189S,MABMM301AUM189S,AUSGDPNADSMEI,GGGDTAAUA188N,0.9009289304379458,0.3671172524551283
2018,869025000000.0,2076816666666.6667,1898385000000.0,41.758,45.77706840287929,109.39912961104659,Australia,MANMM101AUM189S,MABMM301AUM189S,AUSGDPNADSMEI,GGGDTAAUA188N,0.912203455942004,0.3817032196550811
2019,968858333333.3334,2139300000000.0,1997647000000.0,46.72,48.49997688947714,107.0909925527383,Australia,MANMM101AUM189S,MABMM301AUM189S,AUSGDPNADSMEI,GGGDTAAUA188N,0.9632994280897619,0.4362645156826999
2020,1255575000000.0,2326991666666.6665,1979051000000.0,57.092,63.44328670660837,117.58118748160945,Australia,MANMM101AUM189S,MABMM301AUM189S,AUSGDPNADSMEI,GGGDTAAUA188N,0.8998903266790116,0.4855538647194697
2021,1502433333333.3333,2530291666666.6665,2206533000000.0,55.537,68.09022721769097,114.67273168661727,Australia,MANMM101AUM189S,MABMM301AUM189S,AUSGDPNADSMEI,GGGDTAAUA188N,0.815638341497127,0.48430868597230226
2022,1661508333333.3333,2745608333333.3335,2481996000000.0,50.222,66.94242590775058,110.62098139293268,Australia,MANMM101AUM189S,MABMM301AUM189S,AUSGDPNADSMEI,GGGDTAAUA188N,0.7502267705267806,0.45400067299718033
1995,89687133333333.33,479856225000000.0,436988700000000.0,8.485,20.523902181757407,109.80975595021107,Korea,MANMM101KRM189S,MABMM301KRM189S,KORGDPNADSMEI,GGGDTAKRA188N,0.4134204073308174,0.07727000143636774
1996,102034308333333.33,570610016666666.6,490850900000000.0,7.811,20.78723056906554,116.24915359565739,Korea,MANMM101KRM189S,MABMM301KRM189S,KORGDPNADSMEI,GGGDTAKRA188N,0.37575953054679245,0.06719188706670969
1997,119481058333333.33,662436716666666.6,542001800000000.06,9.694,22.044402497064272,122.22039053498837,Korea,MANMM101KRM189S,MABMM301KRM189S,KORGDPNADSMEI,GGGDTAKRA188N,0.43974882064918674,0.07931573412232612
1998,113065900000000.0,754896075000000.0,537215400000000.0,13.817,21.04666024093874,140.5201851994563,Korea,MANMM101KRM189S,MABMM301KRM189S,KORGDPNADSMEI,GGGDTAKRA188N,0.6564937069266684,0.09832751060203883
1999,147075250000000.0,836567358333333.4,591453000000000.0,15.759,24.866768788052475,141.44274495747482,Korea,MANMM101KRM189S,MABMM301KRM189S,KORGDPNADSMEI,GGGDTAKRA188N,0.6337373437747004,0.11141610695365103
2000,181810025000000.0,884925191666666.6,651634300000000.0,16.087,27.90062232758466,135.80089195222942,Korea,MANMM101KRM189S,MABMM301KRM189S,KORGDPNADSMEI,GGGDTAKRA188N,0.5765821210409051,0.1184601939555663
2001,216083958333333.34,968477875000000.0,707021300000000.0,16.625,30.56258111790032,136.98001389774254,Korea,MANMM101KRM189S,MABMM301KRM189S,KORGDPNADSMEI,GGGDTAKRA188N,0.5439658363888265,0.12136807061803039
2002,266031125000000.0,1098241158333333.4,784741300000000.0,16.444,33.90048733257699,139.9494531934707,Korea,MANMM101KRM189S,MABMM301KRM189S,KORGDPNADSMEI,GGGDTAKRA188N,0.485066773190543,0.11749956591303916
2003,282376158333333.3,1187433141666666.8,837365100000000.0,19.102,33.7219879755358,141.8059030244593,Korea,MANMM101KRM189S,MABMM301KRM189S,KORGDPNADSMEI,GGGDTAKRA188N,0.5664553351320177,0.13470525269110414
2004,305061533333333.3,1258916091666666.8,908439300000000.0,21.603,33.58083840420965,138.5801001417119,Korea,MANMM101KRM189S,MABMM301KRM189S,KORGDPNADSMEI,GGGDTAKRA188N,0.6433133008761294,0.15588818292026627
2005,332547258333333.3,1348848116666666.8,957447800000000.0,24.917,34.73267768053081,140.87954629658836,Korea,MANMM101KRM189S,MABMM301KRM189S,KORGDPNADSMEI,GGGDTAKRA188N,0.7173935804542669,0.17686740662511213
2006,334922775000000.0,1458265550000000.0,1005601500000000.0,27.043,33.305715534433865,145.01425763585277,Korea,MANMM101KRM189S,MABMM301KRM189S,KORGDPNADSMEI,GGGDTAKRA188N,0.8119627387089458,0.18648511147026683
2007,311512175000000.0,1608376916666666.8,1089660200000000.0,26.346,28.588010739494752,147.60352967527555,Korea,MANMM101KRM189S,MABMM301KRM189S,KORGDPNADSMEI,GGGDTAKRA188N,0.921575140014993,0.17849166654727436
2008,309852050000000.0,1794844991666666.8,1154216600000000.0,25.856,26.84522558417545,155.50330775581176,Korea,MANMM101KRM189S,MABMM301KRM189S,KORGDPNADSMEI,GGGDTAKRA188N,0.963150781464896,0.16627299041511007
2009,362094983333333.3,1940944666666666.8,1205347800000000.0,28.791,30.04070554020452,161.02776863795387,Korea,MANMM101KRM189S,MABMM301KRM189S,KORGDPNADSMEI,GGGDTAKRA188N,0.9583995942261744,0.17879524906497418
2010,400154158333333.3,2101380458333333.2,1322611200000000.0,28.275,30.254859351964758,158.88119337968203,Korea,MANMM101KRM189S,MABMM301KRM189S,KORGDPNADSMEI,GGGDTAKRA188N,0.9345606162325066,0.17796316479339744
2011,424373141666666.7,2211010241666666.8,1388937200000000.0,31.7,30.553803416501964,159.18720023242713,Korea,MANMM101KRM189S,MABMM301KRM189S,KORGDPNADSMEI,GGGDTAKRA188N,1.0375140393447377,0.19913661370835875
2012,443860491666666.7,2382456691666666.5,1440111300000000.0,33.536,30.82126302784144,165.4355945729102,Korea,MANMM101KRM189S,MABMM301KRM189S,KORGDPNADSMEI,GGGDTAKRA188N,1.0880800040448144,0.20271332832923167
2013,486789966666666.7,2544029475000000.0,1500819200000000.0,36.004,32.4349506367367,169.50939027165964,Korea,MANMM101KRM189S,MABMM301KRM189S,KORGDPNADSMEI,GGGDTAKRA188N,1.110037144906917,0.21240121235938117
2014,540356833333333.3,2726373666666666.5,1562929000000000.0,37.876,34.57334487576424,174.4400204146616,Korea,MANMM101KRM189S,MABMM301KRM189S,KORGDPNADSMEI,GGGDTAKRA188N,1.095526051531997,0.2171290734199922
2015,643049441666666.6,2994762191666666.5,1658020400000000.0,38.843,38.78416946297323,180.62275902435616,Korea,MANMM101KRM189S,MABMM301KRM189S,KORGDPNADSMEI,GGGDTAKRA188N,1.001516869842551,0.21505041894948687
2016,738640191666666.6,3239445016666666.5,1740779600000000.0,39.144,42.43157443174693,186.09162335465479,Korea,MANMM101KRM189S,MABMM301KRM189S,KORGDPNADSMEI,GGGDTAKRA188N,0.9225205645612999,0.2103479957579771
2017,807387366666666.6,3456330358333333.5,1835698200000000.0,38.011,43.98257658403035,188.28423748159332,Korea,MANMM101KRM189S,MABMM301KRM189S,KORGDPNADSMEI,GGGDTAKRA188N,0.8642285866854247,0.20188094610796062
2018,843543325000000.0,3699228000000000.0,1898192600000000.0,37.854,44.43929056514076,194.88159420703673,Korea,MANMM101KRM189S,MABMM301KRM189S,KORGDPNADSMEI,GGGDTAKRA188N,0.8518137782715546,0.19424102185753353
2019,884569933333333.4,3991437483333333.5,1924498000000000.0,39.73,45.963671218849456,207.40148772996042,Korea,MANMM101KRM189S,MABMM301KRM189S,KORGDPNADSMEI,GGGDTAKRA188N,0.8643783002195642,0.19156082453819714
2020,1074471875000000.0,4323112908333333.5,1940726300000000.0,45.915,55.36442078411572,222.75747529846603,Korea,MANMM101KRM189S,MABMM301KRM189S,KORGDPNADSMEI,GGGDTAKRA188N,0.8293232250913966,0.20612102888345216
2021,1290039016666666.8,4721316491666667.0,2080198500000000.0,47.988,62.01518829412995,226.96470993833842,Korea,MANMM101KRM189S,MABMM301KRM189S,KORGDPNADSMEI,GGGDTAKRA188N,0.7738104377334013,0.21143375114588228
2022,1332109816666666.8,5039206791666667.0,2161773900000000.0,49.798,61.62114440676089,233.1051731018987,Korea,MANMM101KRM189S,MABMM301KRM189S,KORGDPNADSMEI,GGGDTAKRA188N,0.808131696991598,0.2136288926468032
1995,138395797354.90466,503420467714.483,2440392363999.25,,5.671046975745544,20.628669190289177,Mexico,MANMM101MXM189S,MABMM301MXM189S,MEXGDPNADSMEI,GGGDTAMXA188N,,
1996,190108960494.865,652251159039.5067,3284161830749.5,42.537,5.788659947109823,19.860506048529654,Mexico,MANMM101MXM189S,MABMM301MXM189S,MEXGDPNADSMEI,GGGDTAMXA188N,7.348332841910671,2.1417883258392183
1997,267694274608.81998,851616693511.4893,4144914168999.2505,39.12,6.458379201455266,20.546063411419297,Mexico,MANMM101MXM189S,MABMM301MXM189S,MEXGDPNADSMEI,GGGDTAMXA188N,6.0572473030362,1.9040143708627655
1998,329391395580.6793,1092538370385.5494,5092988044999.5,39.708,6.467547001295026,21.45181494109823,Mexico,MANMM101MXM189S,MABMM301MXM189S,MEXGDPNADSMEI,GGGDTAMXA188N,6.139576564661855,1.8510321904710192
1999,395292764547.7715,1364867331347.411,6034995117249.5,41.667,6.550009682989264,22.61588128623807,Mexico,MANMM101MXM189S,MABMM301MXM189S,MEXGDPNADSMEI,GGGDTAMXA188N,6.361364641675492,1.842377905713304
2000,481609195245.315,1654402440800.431,7016603941749.25,38.455,6.863850364700064,23.578392831275952,Mexico,MANMM101MXM189S,MABMM301MXM189S,MEXGDPNADSMEI,GGGDTAMXA188N,5.602540550383983,1.6309423748759806
2001,552958226290.46,2121663795098.7693,7437107661999.501,37.315,7.435124667024043,28.528076928878964,Mexico,MANMM101MXM189S,MABMM301MXM189S,MEXGDPNADSMEI,GGGDTAMXA188N,5.018745706510873,1.308009652842251
2002,655848874335.8997,2311151053846.7856,7827757971999.501,39.866,8.378502205636941,29.52507042391899,Mexico,MANMM101MXM189S,MABMM301MXM189S,MEXGDPNADSMEI,GGGDTAMXA188N,4.758129677781633,1.3502423339760627
2003,733723763991.4951,2466008145788.966,8259533146999.251,42.133,8.883356370548164,29.856507648799553,Mexico,MANMM101MXM189S,MABMM301MXM189S,MEXGDPNADSMEI,GGGDTAMXA188N,4.74291452943254,1.4111831328569353
2004,835599448577.8208,2647801482704.6084,9248389797999.5,38.906,9.03508034186197,28.629864663331436,Mexico,MANMM101MXM189S,MABMM301MXM189S,MEXGDPNADSMEI,GGGDTAMXA188N,4.306104486944956,1.3589306291702465
2005,928890340898.8151,2889701107231.7915,9999598961999.75,36.841,9.289275944252996,28.89816999874863,Mexico,MANMM101MXM189S,MABMM301MXM189S,MEXGDPNADSMEI,GGGDTAMXA188N,3.9659711070153376,1.2748558127243115
2006,1073713766215.186,3397760774536.7617,11120115769999.5,35.777,9.65559881230656,30.555084540607393,Mexico,MANMM101MXM189S,MABMM301MXM189S,MEXGDPNADSMEI,GGGDTAMXA188N,3.7053113634340695,1.1709016858537156
2007,1177343526041.7917,3744668736082.1753,12046753156999.5,35.529,9.77311903629172,31.08446472904127,Mexico,MANMM101MXM189S,MABMM301MXM189S,MEXGDPNADSMEI,GGGDTAMXA188N,3.6353798483437907,1.1429825255059431
2008,1272107527528.1506,4283116564418.955,12927761287249.8,40.605,9.840122348041698,33.131154491870475,Mexico,MANMM101MXM189S,MABMM301MXM189S,MEXGDPNADSMEI,GGGDTAMXA188N,4.126473082733659,1.2255836122451877
2009,1436277432696.4375,4754321412752.825,12749117921749.8,41.667,11.265700431291565,37.2913753087343,Mexico,MANMM101MXM189S,MABMM301MXM189S,MEXGDPNADSMEI,GGGDTAMXA188N,3.6985716293561213,1.117336103992948
2010,1576172192066.04,5184705690959.193,13968149523999.5,40.155,11.284044385105743,37.118056919787726,Mexico,MANMM101MXM189S,MABMM301MXM189S,MEXGDPNADSMEI,GGGDTAMXA188N,3.558564520802681,1.0818184822221466
2011,1808380312561.3435,6047220813083.9375,15268436666999.8,41.167,11.843912720087829,39.60602480117696,Mexico,MANMM101MXM189S,MABMM301MXM189S,MEXGDPNADSMEI,GGGDTAMXA188N,3.4757939350717137,1.0394125693416385
2012,2059953725512.9766,7220505599242.712,16529124024749.5,40.815,12.462570444922264,43.68353452022779,Mexico,MANMM101MXM189S,MABMM301MXM189S,MEXGDPNADSMEI,GGGDTAMXA188N,3.2750065630826275,0.9343337357717814
2013,2232708296610.48,8168666929976.526,16954005679999.8,44.066,13.169208143207996,48.18133887741285,Mexico,MANMM101MXM189S,MABMM301MXM189S,MEXGDPNADSMEI,GGGDTAMXA188N,3.346138926563097,0.9145864566386698
2014,2553079070182.329,9071337763726.635,18137650611249.8,47.093,14.076128848787024,50.01385216947655,Mexico,MANMM101MXM189S,MABMM301MXM189S,MEXGDPNADSMEI,GGGDTAMXA188N,3.3455931318828562,0.9415991361837323
2015,3016486253016.705,9878880943038.332,19228614673999.8,50.973,15.687486093813522,51.375936907177085,Mexico,MANMM101MXM189S,MABMM301MXM189S,MEXGDPNADSMEI,GGGDTAMXA188N,3.2492777807211306,0.9921570888740173
2016,3455331209270.6953,10359901362513.75,20758790505999.8,55.003,16.64514706804339,49.90609332234209,Mexico,MANMM101MXM189S,MABMM301MXM189S,MEXGDPNADSMEI,GGGDTAMXA188N,3.304446621898518,1.1021299472338404
2017,3865741435612.723,11133378020203.133,22536210255999.8,52.521,17.153467205443512,49.40217496080159,Mexico,MANMM101MXM189S,MABMM301MXM189S,MEXGDPNADSMEI,GGGDTAMXA188N,3.061829971221963,1.0631313305876322
2018,4209559312174.394,11885831864814.39,24176670374250.0,52.202,17.411658623835546,49.16240193882822,Mexico,MANMM101MXM189S,MABMM301MXM189S,MEXGDPNADSMEI,GGGDTAMXA188N,2.998106103949138,1.0618276963959956
2019,,,25143108307749.8,51.869,,,Mexico,MANMM101MXM189S,MABMM301MXM189S,MEXGDPNADSMEI,GGGDTAMXA188N,,
2020,,,24081765847999.8,58.456,,,Mexico,MANMM101MXM189S,MABMM301MXM189S,MEXGDPNADSMEI,GGGDTAMXA188N,,
2021,,,26619085987999.8,56.695,,,Mexico,MANMM101MXM189S,MABMM301MXM189S,MEXGDPNADSMEI,GGGDTAMXA188N,,
2022,,,29452832077999.8,53.82,,,Mexico,MANMM101MXM189S,MABMM301MXM189S,MEXGDPNADSMEI,GGGDTAMXA188N,,
1995,240954166666.66672,447473333333.3333,1213802400000.0,57.802,19.851185552662173,36.86541840198481,France,MYAGM1FRM189S,MYAGM2FRM189S,NGDPXDCFRA,GGGDTAFRA188N,2.91176563972263,1.5679192724661433
1996,253931666666.66672,479202500000.00006,1246973700000.0,60.595,20.363834992403344,38.42923872412065,France,MYAGM1FRM189S,MYAGM2FRM189S,NGDPXDCFRA,GGGDTAFRA188N,2.9756182969762204,1.576794180988204
1997,264460833333.33337,511675833333.33344,1289669200000.0,61.985,20.506098256307382,39.674967296523285,France,MYAGM1FRM189S,MYAGM2FRM189S,NGDPXDCFRA,GGGDTAFRA188N,3.022759338477972,1.56232012837555
1998,287186666666.6667,555080833333.3334,1346317600000.0,62.103,21.331271808870856,41.22956079110407,France,MYAGM1FRM189S,MYAGM2FRM189S,NGDPXDCFRA,GGGDTAFRA188N,2.9113594611913274,1.5062736252431703
1999,,,1395148000000.0,61.42,,,France,MYAGM1FRM189S,MYAGM2FRM189S,NGDPXDCFRA,GGGDTAFRA188N,,
2000,,,1473517300000.0,59.721,,,France,MYAGM1FRM189S,MYAGM2FRM189S,NGDPXDCFRA,GGGDTAFRA188N,,
2001,,,1530070900000.0,59.324,,,France,MYAGM1FRM189S,MYAGM2FRM189S,NGDPXDCFRA,GGGDTAFRA188N,,
2002,,,1578330400000.0,61.255,,,France,MYAGM1FRM189S,MYAGM2FRM189S,NGDPXDCFRA,GGGDTAFRA188N,,
2003,,,1622312800000.0,65.363,,,France,MYAGM1FRM189S,MYAGM2FRM189S,NGDPXDCFRA,GGGDTAFRA188N,,
2004,,,1696107700000.0,66.877,,,France,MYAGM1FRM189S,MYAGM2FRM189S,NGDPXDCFRA,GGGDTAFRA188N,,
2005,,,1762047700000.0,68.188,,,France,MYAGM1FRM189S,MYAGM2FRM189S,NGDPXDCFRA,GGGDTAFRA188N,,
2006,,,1846020800000.0,65.4,,,France,MYAGM1FRM189S,MYAGM2FRM189S,NGDPXDCFRA,GGGDTAFRA188N,,
2007,,,1937876300000.0,65.479,,,France,MYAGM1FRM189S,MYAGM2FRM189S,NGDPXDCFRA,GGGDTAFRA188N,,
2008,,,1989999700000.0,69.819,,,France,MYAGM1FRM189S,MYAGM2FRM189S,NGDPXDCFRA,GGGDTAFRA188N,,
2009,,,1935840200000.0,84.057,,,France,MYAGM1FRM189S,MYAGM2FRM189S,NGDPXDCFRA,GGGDTAFRA188N,,
2010,,,1996075100000.0,86.279,,,France,MYAGM1FRM189S,MYAGM2FRM189S,NGDPXDCFRA,GGGDTAFRA188N,,
2011,,,2062141400000.0,88.748,,,France,MYAGM1FRM189S,MYAGM2FRM189S,NGDPXDCFRA,GGGDTAFRA188N,,
2012,,,2088286700000.0,91.74,,,France,MYAGM1FRM189S,MYAGM2FRM189S,NGDPXDCFRA,GGGDTAFRA188N,,
2013,,,2120351900000.0,94.546,,,France,MYAGM1FRM189S,MYAGM2FRM189S,NGDPXDCFRA,GGGDTAFRA188N,,
2014,,,2153733100000.0,96.14,,,France,MYAGM1FRM189S,MYAGM2FRM189S,NGDPXDCFRA,GGGDTAFRA188N,,
2015,,,2201401600000.0,96.943,,,France,MYAGM1FRM189S,MYAGM2FRM189S,NGDPXDCFRA,GGGDTAFRA188N,,
2016,,,2231819200000.0,98.126,,,France,MYAGM1FRM189S,MYAGM2FRM189S,NGDPXDCFRA,GGGDTAFRA188N,,
2017,,,2291680500000.0,98.722,,,France,MYAGM1FRM189S,MYAGM2FRM189S,NGDPXDCFRA,GGGDTAFRA188N,,
2018,,,2355362800000.0,98.49,,,France,MYAGM1FRM189S,MYAGM2FRM189S,NGDPXDCFRA,GGGDTAFRA188N,,
2019,,,2432206800000.0,98.104,,,France,MYAGM1FRM189S,MYAGM2FRM189S,NGDPXDCFRA,GGGDTAFRA188N,,
2020,,,2318276200000.0,114.831,,,France,MYAGM1FRM189S,MYAGM2FRM189S,NGDPXDCFRA,GGGDTAFRA188N,,
2021,,,2508102300000.0,112.703,,,France,MYAGM1FRM189S,MYAGM2FRM189S,NGDPXDCFRA,GGGDTAFRA188N,,
2022,,,2653997200000.0,111.286,,,France,MYAGM1FRM189S,MYAGM2FRM189S,NGDPXDCFRA,GGGDTAFRA188N,,
1995,372736042157.7199,616886436960.2675,1899930000000.0,55.288,19.618409212850995,32.46890343119312,Germany,MYAGM1DEM189S,MYAGM2DEM189S,NGDPXDCDEA,GGGDTADEA188N,2.8181693734772195,1.7027984981742377
1996,411585703597.27924,626149341541.2723,1928560000000.0,58.11,21.3416073960509,32.46719529292697,Germany,MYAGM1DEM189S,MYAGM2DEM189S,NGDPXDCDEA,GGGDTADEA188N,2.722850201562269,1.7898065871017619
1997,446293900799.14923,647142134030.0537,1967180000000.0,59.207,22.686988521596867,32.89694557844497,Germany,MYAGM1DEM189S,MYAGM2DEM189S,NGDPXDCDEA,GGGDTADEA188N,2.6097337662792013,1.7997719532598229
1998,475825267703.9075,675978996129.5205,2022310000000.0,59.809,23.528799625374326,33.42608186329101,Germany,MYAGM1DEM189S,MYAGM2DEM189S,NGDPXDCDEA,GGGDTADEA188N,2.5419486311362762,1.789291375657255
1999,,,2077240000000.0,60.349,,,Germany,MYAGM1DEM189S,MYAGM2DEM189S,NGDPXDCDEA,GGGDTADEA188N,,
2000,,,2129660000000.0,59.239,,,Germany,MYAGM1DEM189S,MYAGM2DEM189S,NGDPXDCDEA,GGGDTADEA188N,,
2001,,,2195530000000.0,58.062,,,Germany,MYAGM1DEM189S,MYAGM2DEM189S,NGDPXDCDEA,GGGDTADEA188N,,
2002,,,2223360000000.0,59.823,,,Germany,MYAGM1DEM189S,MYAGM2DEM189S,NGDPXDCDEA,GGGDTADEA188N,,
2003,,,2240810000000.0,63.344,,,Germany,MYAGM1DEM189S,MYAGM2DEM189S,NGDPXDCDEA,GGGDTADEA188N,,
2004,,,2293040000000.0,64.965,,,Germany,MYAGM1DEM189S,MYAGM2DEM189S,NGDPXDCDEA,GGGDTADEA188N,,
2005,,,2325710000000.0,67.12,,,Germany,MYAGM1DEM189S,MYAGM2DEM189S,NGDPXDCDEA,GGGDTADEA188N,,
2006,,,2426180000000.0,66.397,,,Germany,MYAGM1DEM189S,MYAGM2DEM189S,NGDPXDCDEA,GGGDTADEA188N,,
2007,,,2542220000000.0,63.687,,,Germany,MYAGM1DEM189S,MYAGM2DEM189S,NGDPXDCDEA,GGGDTADEA188N,,
2008,,,2589280000000.0,65.16,,,Germany,MYAGM1DEM189S,MYAGM2DEM189S,NGDPXDCDEA,GGGDTADEA188N,,
2009,,,2493970000000.0,72.336,,,Germany,MYAGM1DEM189S,MYAGM2DEM189S,NGDPXDCDEA,GGGDTADEA188N,,
2010,,,2615260000000.0,81.009,,,Germany,MYAGM1DEM189S,MYAGM2DEM189S,NGDPXDCDEA,GGGDTADEA188N,,
2011,,,2746910000000.0,78.458,,,Germany,MYAGM1DEM189S,MYAGM2DEM189S,NGDPXDCDEA,GGGDTADEA188N,,
2012,,,2799280000000.0,79.804,,,Germany,MYAGM1DEM189S,MYAGM2DEM189S,NGDPXDCDEA,GGGDTADEA188N,,
2013,,,2866480000000.0,77.435,,,Germany,MYAGM1DEM189S,MYAGM2DEM189S,NGDPXDCDEA,GGGDTADEA188N,,
2014,,,2984470000000.0,74.52,,,Germany,MYAGM1DEM189S,MYAGM2DEM189S,NGDPXDCDEA,GGGDTADEA188N,,
2015,,,3087030000000.0,71.216,,,Germany,MYAGM1DEM189S,MYAGM2DEM189S,NGDPXDCDEA,GGGDTADEA188N,,
2016,,,3195210000000.0,68.282,,,Germany,MYAGM1DEM189S,MYAGM2DEM189S,NGDPXDCDEA,GGGDTADEA188N,,
2017,,,3333110000000.0,64.026,,,Germany,MYAGM1DEM189S,MYAGM2DEM189S,NGDPXDCDEA,GGGDTADEA188N,,
2018,,,3434030000000.0,60.809,,,Germany,MYAGM1DEM189S,MYAGM2DEM189S,NGDPXDCDEA,GGGDTADEA188N,,
2019,,,3537280000000.0,58.701,,,Germany,MYAGM1DEM189S,MYAGM2DEM189S,NGDPXDCDEA,GGGDTADEA188N,,
2020,,,3450720000000.0,68.035,,,Germany,MYAGM1DEM189S,MYAGM2DEM189S,NGDPXDCDEA,GGGDTADEA188N,,
2021,,,3682340000000.0,68.077,,,Germany,MYAGM1DEM189S,MYAGM2DEM189S,NGDPXDCDEA,GGGDTADEA188N,,
2022,,,3989390000000.0,64.997,,,Germany,MYAGM1DEM189S,MYAGM2DEM189S,NGDPXDCDEA,GGGDTADEA188N,,
1995,,405139391717.0642,990520900000.0,119.088,,40.90165000224268,Italy,,MYAGM2ITM189N,NGDPXDCITA,GGGDTAITA188N,,2.9115695819965763
1996,,404815013746.3611,1047745400000.0,118.896,,38.63677318424506,Italy,,MYAGM2ITM189N,NGDPXDCITA,GGGDTAITA188N,,3.0772756159792944
1997,,443456706278.9108,1095091600000.0001,116.491,,40.494941818466216,Italy,,MYAGM2ITM189N,NGDPXDCITA,GGGDTAITA188N,,2.876680265950613
1998,,477025156615.5546,1141256800000.0,113.887,,41.798231267104356,Italy,,MYAGM2ITM189N,NGDPXDCITA,GGGDTAITA188N,,2.7246846707992223
1999,,,1177549700000.0,113.059,,,Italy,,MYAGM2ITM189N,NGDPXDCITA,GGGDTAITA188N,,
2000,,,1244744200000.0,108.743,,,Italy,,MYAGM2ITM189N,NGDPXDCITA,GGGDTAITA188N,,
2001,,,1308623100000.0,108.513,,,Italy,,MYAGM2ITM189N,NGDPXDCITA,GGGDTAITA188N,,
2002,,,1355522300000.0,105.947,,,Italy,,MYAGM2ITM189N,NGDPXDCITA,GGGDTAITA188N,,
2003,,,1399386000000.0,105.141,,,Italy,,MYAGM2ITM189N,NGDPXDCITA,GGGDTAITA188N,,
2004,,,1457356200000.0,104.742,,,Italy,,MYAGM2ITM189N,NGDPXDCITA,GGGDTAITA188N,,
2005,,,1499073100000.0,106.176,,,Italy,,MYAGM2ITM189N,NGDPXDCITA,GGGDTAITA188N,,
2006,,,1559864200000.0,106.253,,,Italy,,MYAGM2ITM189N,NGDPXDCITA,GGGDTAITA188N,,
2007,,,1621714500000.0,103.454,,,Italy,,MYAGM2ITM189N,NGDPXDCITA,GGGDTAITA188N,,
2008,,,1643718800000.0,105.788,,,Italy,,MYAGM2ITM189N,NGDPXDCITA,GGGDTAITA188N,,
2009,,,1584106800000.0,116.121,,,Italy,,MYAGM2ITM189N,NGDPXDCITA,GGGDTAITA188N,,
2010,,,1617944700000.0,118.737,,,Italy,,MYAGM2ITM189N,NGDPXDCITA,GGGDTAITA188N,,
2011,,,1657362200000.0,119.106,,,Italy,,MYAGM2ITM189N,NGDPXDCITA,GGGDTAITA188N,,
2012,,,1632898500000.0,125.87,,,Italy,,MYAGM2ITM189N,NGDPXDCITA,GGGDTAITA188N,,
2013,,,1621260700000.0,131.816,,,Italy,,MYAGM2ITM189N,NGDPXDCITA,GGGDTAITA188N,,
2014,,,1635870700000.0,134.755,,,Italy,,MYAGM2ITM189N,NGDPXDCITA,GGGDTAITA188N,,
2015,,,1663277700000.0,134.746,,,Italy,,MYAGM2ITM189N,NGDPXDCITA,GGGDTAITA188N,,
2016,,,1704856700000.0,134.195,,,Italy,,MYAGM2ITM189N,NGDPXDCITA,GGGDTAITA188N,,
2017,,,1744493000000.0,133.689,,,Italy,,MYAGM2ITM189N,NGDPXDCITA,GGGDTAITA188N,,
2018,,,1777744400000.0,134.138,,,Italy,,MYAGM2ITM189N,NGDPXDCITA,GGGDTAITA188N,,
2019,,,1804066800000.0,133.823,,,Italy,,MYAGM2ITM189N,NGDPXDCITA,GGGDTAITA188N,,
2020,,,1670011900000.0,154.288,,,Italy,,MYAGM2ITM189N,NGDPXDCITA,GGGDTAITA188N,,
2021,,,1842507400000.0,145.735,,,Italy,,MYAGM2ITM189N,NGDPXDCITA,GGGDTAITA188N,,
2022,,,1998072600000.0,138.279,,,Italy,,MYAGM2ITM189N,NGDPXDCITA,GGGDTAITA188N,,
1995,19161005287.52344,185766779290.27853,,,,,Brazil,MANMM101BRM189S,MABMM301BRM189S,BRAGDPNADSMEI,GGGDTABRA188N,,
1996,24014999541.837082,253373206964.80215,854763607800.0,,2.8095486661683164,29.64248882997451,Brazil,MANMM101BRM189S,MABMM301BRM189S,BRAGDPNADSMEI,GGGDTABRA188N,,
1997,38122302196.306885,316073958558.3369,952089196100.0,,4.004068353308235,33.19793564017493,Brazil,MANMM101BRM189S,MABMM301BRM189S,BRAGDPNADSMEI,GGGDTABRA188N,,
1998,44061311925.001785,361766762224.8034,1002351019200.0,,4.395796590317048,36.091823652111216,Brazil,MANMM101BRM189S,MABMM301BRM189S,BRAGDPNADSMEI,GGGDTABRA188N,,
1999,48466764442.86611,416745114861.509,1087710456100.0,,4.455851662642311,38.31397524261686,Brazil,MANMM101BRM189S,MABMM301BRM189S,BRAGDPNADSMEI,GGGDTABRA188N,,
2000,57877912727.70377,516033372976.6442,1199092070900.0,62.198,4.826811396080909,43.035341947455805,Brazil,MANMM101BRM189S,MABMM301BRM189S,BRAGDPNADSMEI,GGGDTABRA188N,12.885939577109056,1.4452772346026883
2001,68407540022.42625,593606256285.0309,1315755467800.0,67.331,5.199107409890275,45.115241457256964,Brazil,MANMM101BRM189S,MABMM301BRM189S,BRAGDPNADSMEI,GGGDTABRA188N,12.950492207934783,1.4924224679987732
2002,85063587000.0,651979562722.8285,1488787255100.0,76.095,5.713616012536753,43.79266147593639,Brazil,MANMM101BRM189S,MABMM301BRM189S,BRAGDPNADSMEI,GGGDTABRA188N,13.318185862163855,1.7376198987543474
2003,91680867250.0,751857473996.5698,1717950396400.0,71.514,5.33664228269449,43.764795280009395,Brazil,MANMM101BRM189S,MABMM301BRM189S,BRAGDPNADSMEI,GGGDTABRA188N,13.40056091672165,1.6340531137515844
2004,107809616666.66667,918798093299.9707,1957751213000.0,68.025,5.50680882998726,46.93129991180195,Brazil,MANMM101BRM189S,MABMM301BRM189S,BRAGDPNADSMEI,GGGDTABRA188N,12.352889323045083,1.4494591057106765
2005,122247348916.66667,1070115075737.2816,2170584503500.0,66.969,5.63200136735274,49.30077930676066,Brazil,MANMM101BRM189S,MABMM301BRM189S,BRAGDPNADSMEI,GGGDTABRA188N,11.89079966993652,1.3583760934751892
2006,140738722500.0,1264232521538.9475,2409449921500.0,64.599,5.841114241228276,52.46975711169382,Brazil,MANMM101BRM189S,MABMM301BRM189S,BRAGDPNADSMEI,GGGDTABRA188N,11.059362534641346,1.2311663624149494
2007,174013600166.66666,1469098423056.7734,2720262937600.0,63.025,6.396940448712404,54.00575079528567,Brazil,MANMM101BRM189S,MABMM301BRM189S,BRAGDPNADSMEI,GGGDTABRA188N,9.852366221837483,1.1670053479841938
2008,195033203166.66666,1745416896482.7966,3109803089000.0,61.42,6.271561175578555,56.126283450443786,Brazil,MANMM101BRM189S,MABMM301BRM189S,BRAGDPNADSMEI,GGGDTABRA188N,9.793414794257185,1.0943179598597554
2009,209669179583.33334,2029610412723.3083,3333039355100.0,64.702,6.2906301800040625,60.89368280688707,Brazil,MANMM101BRM189S,MABMM301BRM189S,BRAGDPNADSMEI,GGGDTABRA188N,10.285456011333704,1.0625404314137197
2010,246450292333.33334,2476764796491.7954,3885847000400.0,62.433,6.342254141966071,63.73809355429699,Brazil,MANMM101BRM189S,MABMM301BRM189S,BRAGDPNADSMEI,GGGDTABRA188N,9.84397638481356,0.9795241200117601
2011,262627429500.0,2902447797824.0376,4376381999000.0,60.634,6.001017040103221,66.32071419924597,Brazil,MANMM101BRM189S,MABMM301BRM189S,BRAGDPNADSMEI,GGGDTABRA188N,10.10395397893372,0.914254328109895
2012,278962589666.6667,3409902896196.8423,4814759999000.0,61.614,5.793904363345332,70.82186644620005,Brazil,MANMM101BRM189S,MABMM301BRM189S,BRAGDPNADSMEI,GGGDTABRA188N,10.634279776828212,0.8699855438970276
2013,309837459750.0,3791023854320.7437,5331619000000.0,59.595,5.811320346596409,71.10455293824903,Brazil,MANMM101BRM189S,MABMM301BRM189S,BRAGDPNADSMEI,GGGDTABRA188N,10.254984486426356,0.8381319836404212
2014,325642626750.0,4170046235242.6636,5778953000000.0,61.617,5.634976210223547,72.15919968967846,Brazil,MANMM101BRM189S,MABMM301BRM189S,BRAGDPNADSMEI,GGGDTABRA188N,10.934740041707393,0.8539035946211249
2015,321847524083.3333,4588064571980.069,5995787000000.0,71.73,5.36789455801771,76.52147369444694,Brazil,MANMM101BRM189S,MABMM301BRM189S,BRAGDPNADSMEI,GGGDTABRA188N,13.36278110993464,0.9373839333834648
2016,322479497500.0,5084807450855.518,6269328001000.0,77.422,5.143764968886017,81.10610020794026,Brazil,MANMM101BRM189S,MABMM301BRM189S,BRAGDPNADSMEI,GGGDTABRA188N,15.05162083966042,0.9545767803100513
2017,336492164916.6667,5572495592311.208,6585479000000.0,82.745,5.10960804698742,84.61792365158568,Brazil,MANMM101BRM189S,MABMM301BRM189S,BRAGDPNADSMEI,GGGDTABRA188N,16.194001426153562,0.9778661119209514
2018,364138799583.3333,5986298464288.573,7004140999000.0,84.777,5.198907326898793,85.46798908164833,Brazil,MANMM101BRM189S,MABMM301BRM189S,BRAGDPNADSMEI,GGGDTABRA188N,16.306695747656352,0.9919152294435263
2019,384948520916.6667,,7389131000000.0,87.118,5.209658901928613,,Brazil,MANMM101BRM189S,MABMM301BRM189S,BRAGDPNADSMEI,GGGDTABRA188N,16.722399995851735,
2020,521731078416.6667,,7609597001000.0,96.007,6.8562248217363475,,Brazil,MANMM101BRM189S,MABMM301BRM189S,BRAGDPNADSMEI,GGGDTABRA188N,14.002895543277432,
2021,614142923250.0,,9012142000000.0,88.934,6.81461658338273,,Brazil,MANMM101BRM189S,MABMM301BRM189S,BRAGDPNADSMEI,GGGDTABRA188N,13.050477442393943,
2022,607872453583.3334,,10079676679000.0,83.939,6.030674127174882,,Brazil,MANMM101BRM189S,MABMM301BRM189S,BRAGDPNADSMEI,GGGDTABRA188N,13.918676126398807,
1995,13331235514.322916,107570656901.04167,317110382700.0,,4.203973203531098,33.92214912206395,Israel,MANMM101ILM189S,MABMM301ILM189S,ISRGDPNADSMEI,IMF:GGXWDG_NGDP,,
1996,15462236450.195307,135657136718.75,366619393100.0,,4.217517333017294,37.0021715359034,Israel,MANMM101ILM189S,MABMM301ILM189S,ISRGDPNADSMEI,IMF:GGXWDG_NGDP,,
1997,17516051228.84114,166342880208.33334,411328949900.0,,4.258404674190705,40.4403532133524,Israel,MANMM101ILM189S,MABMM301ILM189S,ISRGDPNADSMEI,IMF:GGXWDG_NGDP,,
1998,19625697347.005207,194456354166.66666,457372477500.0,,4.290965965918928,42.51597193376522,Israel,MANMM101ILM189S,MABMM301ILM189S,ISRGDPNADSMEI,IMF:GGXWDG_NGDP,,
1999,21500054280.598957,230714773437.5,501594484400.0,,4.286341845707695,45.9962740047825,Israel,MANMM101ILM189S,MABMM301ILM189S,ISRGDPNADSMEI,IMF:GGXWDG_NGDP,,
2000,23870393798.828125,271383404947.91666,555448876100.0,77.2,4.297496101969001,48.858394827152054,Israel,MANMM101ILM189S,MABMM301ILM189S,ISRGDPNADSMEI,IMF:GGXWDG_NGDP,17.96394881303766,1.580076469419697
2001,27249198649.088543,315265848958.3333,566175179000.0,81.1,4.812856454996333,55.68344580473622,Israel,MANMM101ILM189S,MABMM301ILM189S,ISRGDPNADSMEI,IMF:GGXWDG_NGDP,16.850699944688415,1.4564472228315644
2002,31483223063.151043,333625057291.6667,592487160500.0,87.2,5.313739294634225,56.30924677087018,Israel,MANMM101ILM189S,MABMM301ILM189S,ISRGDPNADSMEI,IMF:GGXWDG_NGDP,16.410289471305816,1.5485911284664915
2003,31627593750.0,356055169270.8333,598020616300.0,89.7,5.288712945329942,59.53894557578538,Israel,MANMM101ILM189S,MABMM301ILM189S,ISRGDPNADSMEI,IMF:GGXWDG_NGDP,16.960648257381262,1.5065768990789987
2004,37307549967.447914,381958651041.6667,627027846400.0,88.3,5.949903211100501,60.91573974499432,Israel,MANMM101ILM189S,MABMM301ILM189S,ISRGDPNADSMEI,IMF:GGXWDG_NGDP,14.840577546751039,1.4495432604059602
2005,43817153808.59375,422535122395.8333,660155949900.0,85.2,6.637394363442629,64.00534941173197,Israel,MANMM101ILM189S,MABMM301ILM189S,ISRGDPNADSMEI,IMF:GGXWDG_NGDP,12.83636248423985,1.3311387373565862
2006,49810117675.78125,456589682291.6667,707237357900.0,77.7,7.042913827923689,64.5596103191464,Israel,MANMM101ILM189S,MABMM301ILM189S,ISRGDPNADSMEI,IMF:GGXWDG_NGDP,11.032365566072334,1.20353886301195
2007,57496769368.489586,508753989583.3333,756172087100.0,70.8,7.60366196390504,67.28018638382417,Israel,MANMM101ILM189S,MABMM301ILM189S,ISRGDPNADSMEI,IMF:GGXWDG_NGDP,9.311302940095326,1.0523157530524034
2008,65700731933.59375,547515770833.3333,791341680500.0,70.2,8.302448051527062,69.18828924661112,Israel,MANMM101ILM189S,MABMM301ILM189S,ISRGDPNADSMEI,IMF:GGXWDG_NGDP,8.455337457617476,1.0146225721781152
2009,98970647460.9375,616643947916.6666,835431204400.0,72.6,11.846654391131754,73.81145744484554,Israel,MANMM101ILM189S,MABMM301ILM189S,ISRGDPNADSMEI,IMF:GGXWDG_NGDP,6.128312484100776,0.9835871355642748
2010,111039800781.25,630265171875.0,893288627700.0,69.0,12.430450510396664,70.55560233625484,Israel,MANMM101ILM189S,MABMM301ILM189S,ISRGDPNADSMEI,IMF:GGXWDG_NGDP,5.55088489691418,0.9779521074904708
2011,115460802083.33333,671322989583.3334,956813606700.0,67.2,12.067219913557832,70.16235815235646,Israel,MANMM101ILM189S,MABMM301ILM189S,ISRGDPNADSMEI,IMF:GGXWDG_NGDP,5.568805448262286,0.9577785264012401
2012,121236516601.5625,743881369791.6666,1013796592800.0,66.9,11.958662858268239,73.37580093232944,Israel,MANMM101ILM189S,MABMM301ILM189S,ISRGDPNADSMEI,IMF:GGXWDG_NGDP,5.594270930862913,0.9117447325951274
2013,136750179361.97917,794228286458.3334,1074690060600.0,66.0,12.72461562412064,73.903008465056,Israel,MANMM101ILM189S,MABMM301ILM189S,ISRGDPNADSMEI,IMF:GGXWDG_NGDP,5.186797145753553,0.8930624256143398
2014,167806968424.47916,872590197916.6666,1123796516400.0,65.8,14.932148834384762,77.64663666265362,Israel,MANMM101ILM189S,MABMM301ILM189S,ISRGDPNADSMEI,IMF:GGXWDG_NGDP,4.406599527623253,0.8474288498274182
2015,247455957356.77084,944142687500.0,1176638085100.0,62.8,21.03076217660761,80.24070438105522,Israel,MANMM101ILM189S,MABMM301ILM189S,ISRGDPNADSMEI,IMF:GGXWDG_NGDP,2.9861019525888635,0.782645173474163
2016,306040774739.5833,996487046875.0,1232669467000.0,61.7,24.82748075884509,80.8397606618904,Israel,MANMM101ILM189S,MABMM301ILM189S,ISRGDPNADSMEI,IMF:GGXWDG_NGDP,2.4851494438483708,0.7632382814449216
2017,348321558593.75,1051576093750.0,1285863525800.0,59.8,27.08853246125336,81.77975909968843,Israel,MANMM101ILM189S,MABMM301ILM189S,ISRGDPNADSMEI,IMF:GGXWDG_NGDP,2.207576216450122,0.7312322836156144
2018,392600581380.2083,1092876458333.3334,1347000744900.0,60.1,29.146277971015863,81.13406488238189,Israel,MANMM101ILM189S,MABMM301ILM189S,ISRGDPNADSMEI,IMF:GGXWDG_NGDP,2.0620128600902548,0.7407492782116307
2019,421426762369.7917,1171590312500.0,1424572434000.0,59.3,29.582684060963075,82.24154030626147,Israel,MANMM101ILM189S,MABMM301ILM189S,ISRGDPNADSMEI,IMF:GGXWDG_NGDP,2.0045510366062933,0.7210468065064339
2020,508487337239.5833,1356178416666.6667,1417343949500.0,71.1,35.87607210084494,95.68449614118641,Israel,MANMM101ILM189S,MABMM301ILM189S,ISRGDPNADSMEI,IMF:GGXWDG_NGDP,1.9818223076412393,0.7430670888948301
2021,633653151692.7084,1599188156250.0,1581860401000.0,67.7,40.057463433064875,101.09540356652496,Israel,MANMM101ILM189S,MABMM301ILM189S,ISRGDPNADSMEI,IMF:GGXWDG_NGDP,1.6900720664234066,0.6696644714954879
2022,693427958333.3334,1758797406250.0,1763805783900.0,60.3,39.314303460331985,99.71604710134662,Israel,MANMM101ILM189S,MABMM301ILM189S,ISRGDPNADSMEI,IMF:GGXWDG_NGDP,1.5337929123135177,0.6047171117675169
1995,97967939345.39168,261345445550.0,626988209718.363,,15.625164528914812,41.68267305495167,South Africa,MANMM101ZAM189S,MABMM301ZAM189S,ZAFGDPNADSMEI,GGGDTAZAA188N,,
1996,133957373613.023,309942330833.3333,705647781860.323,,18.983603017905995,43.923092908507684,South Africa,MANMM101ZAM189S,MABMM301ZAM189S,ZAFGDPNADSMEI,GGGDTAZAA188N,,
1997,165732824736.48026,361700267025.0,781822173643.8301,,21.198276324659748,46.26375142818315,South Africa,MANMM101ZAM189S,MABMM301ZAM189S,ZAFGDPNADSMEI,GGGDTAZAA188N,,
1998,207176938942.00558,416155809633.3333,846916108034.953,,24.46251015613641,49.1377842132338,South Africa,MANMM101ZAM189S,MABMM301ZAM189S,ZAFGDPNADSMEI,GGGDTAZAA188N,,
1999,236491727682.11948,451951641775.0,928193181100.312,,25.47871849282216,48.69154945086335,South Africa,MANMM101ZAM189S,MABMM301ZAM189S,ZAFGDPNADSMEI,GGGDTAZAA188N,,
2000,263271678805.37216,490133301325.0,1052253162206.75,37.929,25.019804003558196,46.57940873250586,South Africa,MANMM101ZAM189S,MABMM301ZAM189S,ZAFGDPNADSMEI,GGGDTAZAA188N,1.5159591176096312,0.8142868497497888
2001,289973584676.403,561212567033.3334,1163246765509.08,38.045,24.92795108263205,48.24535805072502,South Africa,MANMM101ZAM189S,MABMM301ZAM189S,ZAFGDPNADSMEI,GGGDTAZAA188N,1.5261984378053013,0.7885732749666736
2002,345376672675.8262,672321162466.6666,1353522625964.89,31.801,25.516874712723506,49.67195594439265,South Africa,MANMM101ZAM189S,MABMM301ZAM189S,ZAFGDPNADSMEI,GGGDTAZAA188N,1.2462733135630844,0.6402204099955507
2003,351934782662.2509,766221151800.0,1474168958883.21,31.514,23.873435981779664,51.97648120202369,South Africa,MANMM101ZAM189S,MABMM301ZAM189S,ZAFGDPNADSMEI,GGGDTAZAA188N,1.3200445894780983,0.606312687415496
2004,406075585216.21564,868040543883.3334,1641912517422.38,30.733,24.73186487753374,52.86764883466877,South Africa,MANMM101ZAM189S,MABMM301ZAM189S,ZAFGDPNADSMEI,GGGDTAZAA188N,1.2426479018942744,0.5813195910434807
2005,465768793880.7285,1010545393458.3334,1822748028328.6296,29.637,25.553109186891596,55.44076184709709,South Africa,MANMM101ZAM189S,MABMM301ZAM189S,ZAFGDPNADSMEI,GGGDTAZAA188N,1.1598197222592148,0.5345705760995384
2006,561804139242.2284,1243999645233.3333,2045297875318.7,28.03,27.46808403908832,60.822419083552425,South Africa,MANMM101ZAM189S,MABMM301ZAM189S,ZAFGDPNADSMEI,GGGDTAZAA188N,1.0204570497203973,0.4608498054228143
2007,674135343059.3219,1533327082450.0,2345634423497.0903,24.326,28.74000041550627,65.36939716991249,South Africa,MANMM101ZAM189S,MABMM301ZAM189S,ZAFGDPNADSMEI,GGGDTAZAA188N,0.8464161325090046,0.37213131913654096
2008,750739222337.3993,1822424287275.0,2634250038271.26,24.045,28.49916338352132,69.18190227951844,South Africa,MANMM101ZAM189S,MABMM301ZAM189S,ZAFGDPNADSMEI,GGGDTAZAA188N,0.8437089775731175,0.3475619953734434
2009,761173060141.5981,1941185389900.0,2788380145746.2095,26.995,27.29803758296011,69.61695638456469,South Africa,MANMM101ZAM189S,MABMM301ZAM189S,ZAFGDPNADSMEI,GGGDTAZAA188N,0.9888989242527357,0.3877647257498501
2010,830072364738.6742,2008508323441.6667,3055613202000.0,31.185,27.16549215703625,65.73175957372588,South Africa,MANMM101ZAM189S,MABMM301ZAM189S,ZAFGDPNADSMEI,GGGDTAZAA188N,1.1479637409007013,0.4744281942585511
2011,897050944264.9862,2145535440841.6667,3327047001250.0,34.742,26.962376663989314,64.48768051775556,South Africa,MANMM101ZAM189S,MABMM301ZAM189S,ZAFGDPNADSMEI,GGGDTAZAA188N,1.2885362604699857,0.5387385578309704
2012,979847799836.6627,2287630070775.0,3566385019250.0,37.408,27.474537789605275,64.1442261120781,South Africa,MANMM101ZAM189S,MABMM301ZAM189S,ZAFGDPNADSMEI,GGGDTAZAA188N,1.3615515677265717,0.5831857716178172
2013,1088356400128.6367,2461569596091.6665,3868630223000.0,40.356,28.132861953517253,63.62897082944251,South Africa,MANMM101ZAM189S,MABMM301ZAM189S,ZAFGDPNADSMEI,GGGDTAZAA188N,1.4344790112957055,0.6342393955761799
2014,1210257303381.535,2637658680125.0,4133873041250.0,43.253,29.27659585345121,63.805991471073945,South Africa,MANMM101ZAM189S,MABMM301ZAM189S,ZAFGDPNADSMEI,GGGDTAZAA188N,1.477391709627375,0.6778830483279691
2015,1332286237679.14,2870621468783.3335,4420792527250.0,45.195,30.136818895409743,64.93454400062139,South Africa,MANMM101ZAM189S,MABMM301ZAM189S,ZAFGDPNADSMEI,GGGDTAZAA188N,1.499660603093176,0.6960085836526011
2016,1482807834307.9182,3056048749266.6665,4759554551500.0,47.134,31.154340564089196,64.20871357180968,South Africa,MANMM101ZAM189S,MABMM301ZAM189S,ZAFGDPNADSMEI,GGGDTAZAA188N,1.51291919991175,0.7340748222168682
2017,1626471298315.5085,3250859187358.3335,5078189926750.0,48.588,32.02856375551981,64.01610089914178,South Africa,MANMM101ZAM189S,MABMM301ZAM189S,ZAFGDPNADSMEI,GGGDTAZAA188N,1.5170208808263008,0.7589965542661063
2018,1699475691199.3418,3451855807941.6665,5363190430750.0,51.536,31.6877745279256,64.36198476470938,South Africa,MANMM101ZAM189S,MABMM301ZAM189S,ZAFGDPNADSMEI,GGGDTAZAA188N,1.6263685527862703,0.8007211118240398
2019,,3700504394183.3335,5625206549500.0,56.101,,65.7843291907611,South Africa,MANMM101ZAM189S,MABMM301ZAM189S,ZAFGDPNADSMEI,GGGDTAZAA188N,,0.8528018859524823
2020,,4055462700558.3335,5567973607750.0,68.927,,72.83552305121528,South Africa,MANMM101ZAM189S,MABMM301ZAM189S,ZAFGDPNADSMEI,GGGDTAZAA188N,,0.9463376812923148
2021,,4213989446033.334,6208785872250.0,68.672,,67.87139277692995,South Africa,MANMM101ZAM189S,MABMM301ZAM189S,ZAFGDPNADSMEI,GGGDTAZAA188N,,1.0117959451001892
2022,,4550811678383.333,6628550342750.0,70.832,,68.65470492142825,South Africa,MANMM101ZAM189S,MABMM301ZAM189S,ZAFGDPNADSMEI,GGGDTAZAA188N,,1.031713705288859
